Name,Address,Website,Phone Number,Image URL
Marygreen Manor Hotel & Restaurant,"London Brentwood,CM14",marygreenmanor.co.uk,01277 225252 ,"https://c.yell.com/t_bigRect,f_auto/a7785297-2542-40a5-a58a-14e1248456de_image_jpeg.jpg"
Aron Guest House Ltd,"27 South Ealing Rd, London, W5 4QT",aronguesthouse.co.uk,07947 127778 ,"https://c.yell.com/t_bigRect,f_auto/198e04cd-2a8f-4ea1-aae9-a0307b6cdd71_image_jpeg.jpg"
Mendy Airbnb North West London,London,,020 8051 7001 ,"https://c.yell.com/t_bigRect,f_auto/5425880b-caeb-4ae8-bab9-7f6b8575ccf8_image_jpeg.jpg"
Southend Hall,"Southend Rd, London, E6 2AA",,020 7998 8657 ,"https://c.yell.com/t_bigRect,f_auto/10d49513-4d2d-407a-9209-19e4038c377e_image_png.png"
Marygreen Manor Hotel & Restaurant,"London Brentwood,CM14",marygreenmanor.co.uk,01277 225252 ,"https://c.yell.com/t_bigRect,f_auto/a7785297-2542-40a5-a58a-14e1248456de_image_jpeg.jpg"
St Martins Lane Hotel,"45 St Martin's Lane, London, WC2N 4HX",all.accor.com,020 7300 5500 ,"https://c.yell.com/t_bigSquare,f_auto/e67bcc80-b14e-4c89-bc44-5831030b91ab_image_jpeg.jpg"
Snoozebox Holdings plc,"60 Trafalgar Square, London, WC2N 5DS",snoozebox.com,03450 920174 ,"https://c.yell.com/t_bigSquare,f_auto/53b92708-9632-473b-b1f8-8a7557e303c3_image_jpeg.jpg"
The Trafalgar St James Hotel,"2 Spring Gardens, London, SW1A 2TS",hilton.com,020 7870 2900 ,"https://c.yell.com/t_bigRect,f_auto/92a736e0-1f9e-49cb-8152-c8b1e5d52580_image_jpeg.jpg"
Inter-Continental Hotels & Resorts O2,"Entertainment Avenue, London, SE10 0DY",intercontinental.com,020 3740 5411 ,"https://c.yell.com/t_bigSquare,f_auto/0c81986d-84fd-4645-ad9e-bc21374574d9_image_jpeg.jpg"
President Hotel,"60 Main Rd Radcliffe On Trent, London, WC1N 1DB",imperialhotels.co.uk,020 7837 3655 ,"https://c.yell.com/t_bigSquare,f_auto/a18e2e49-3724-437d-930b-f8415f3d5b1b_image_jpeg.jpg"
Club Quarters,"8 Northumberland Avenue, London, WC2N 5BY",clubquarters.com,020 7451 5600 ,"https://c.yell.com/t_bigRect,f_auto/3cdffb2d-0249-443b-9582-1a254b6a1c08_image_jpeg.jpg"
Chiltern Firehouse Hotel,"1 Gorgie Rd Haymarket, London, W1U 7PA",chilternfirehouse.com,020 7073 7676 ,"https://c.yell.com/t_bigSquare,f_auto/b71689ea-43bd-49e4-9ec2-19378a19c189_image_jpeg.jpg"
Pullman Hotel,"Market St Westhoughton, London, NW1 2AJ",pullmanhotels.com,020 7666 0000 ,"https://c.yell.com/t_bigSquare,f_auto/d8379885-e180-4d14-a4c3-8ecdc7713cae_image_jpeg.jpg"
Hub By Premier Inn London Covent Garden,"110 St. Martin's Lane, London, WC2N 4BA",premierinn.com,0333 321 3104 ,"https://c.yell.com/t_bigRect,f_auto/e5b0a43b-e7a1-44fa-b9ee-ac62376fe08f_image_jpeg.jpg"
The Clermont,"Strand, London, WC2N 5HX",amba-hotel.com,020 7523 5052 ,https://www.yell.com/searchfe/yframe/yelldotcom/default/_yframe/min/images/yell-dummy.png
Thistle Hotel Trafalgar,"Whitcomb St, Trafalgar Square, London, WC2H 7HG",thistle.com,020 7925 7000 ,https://www.yell.com/searchfe/yframe/yelldotcom/default/_yframe/min/images/yell-dummy.png
Corinthia Hotel,"Whitehall Place, London, SW1A 2BD",corinthialondon.com,020 7930 8181 ,"https://c.yell.com/t_bigSquare,f_auto/63bc2cb2-584f-4ea3-8a2f-02f4448d7fc6_image_jpeg.jpg"
Every Hotel Piccadilly,"High St Erdington, London, W1D 6BZ",,01294 279274 ,https://www.yell.com/searchfe/yframe/yelldotcom/default/_yframe/min/images/yell-dummy.png
Z Hotels,"53 Chandos Place, London, WC2N 4HS",,020 3841 0872 ,https://www.yell.com/searchfe/yframe/yelldotcom/default/_yframe/min/images/yell-dummy.png
Citadines,"18-21 Northumberland Avenue, London, WC2N 5EA",discoverasr.com,020 7766 3700 ,"https://c.yell.com/t_bigRect,f_auto/7fec41ef-c47f-4022-beb3-cd66a8f046bc_image_jpeg.jpg"
Radisson Blu Edwardian Hampshire Hotel,"31-32 Leicester Square, Westminster, London, WC2H 7LH",radissonhotels.com,020 7839 9399 ,"https://c.yell.com/t_bigRect,f_auto/f9ea61d9-f995-4c8a-a67e-7b235a40253b_image_jpeg.jpg"
Club Quarters Trafalgar Square,"8 Northumberland Avenue, London, WC2N 5BY",,0845 4566399 ,https://www.yell.com/searchfe/yframe/yelldotcom/default/_yframe/min/images/yell-dummy.png
Z Hotels,"Whitevale St Bellgrove, London, WC2H 7ED",thezhotels.com,020 3551 3720 ,https://www.yell.com/searchfe/yframe/yelldotcom/default/_yframe/min/images/yell-dummy.png
The Savoy,"Strand, Westminster, London, WC2R 0EZ",thesavoylondon.com,020 7836 4343 ,"https://c.yell.com/t_bigRect,f_auto/e8fe8eaa-a485-4dbb-9eae-88d9bf591d6e_image_jpeg.jpg"
Radisson Blue Edwardian Leicester Square,"3-6 St. Martins St, London, WC2H 7HL",radissonedwardian.com,020 7930 8641 ,"https://c.yell.com/t_bigSquare,f_auto/ffd59d96-02d7-4752-94a9-85406282335d_image_jpeg.jpg"
Amhurst Hotel,"45 Amhurst Park, London, N16 5DL",amhursthotel.co.uk,020 3597 3113 ,"https://c.yell.com/t_bigSquare,f_auto/792afeb9-b97c-46a9-b5a9-26c10f42adc7_image_jpeg.jpg"
Amhurst Hotel,"45 Amhurst Park, London, N16 5DL",amhursthotel.co.uk,020 7101 2135 ,"https://c.yell.com/t_bigSquare,f_auto/792afeb9-b97c-46a9-b5a9-26c10f42adc7_image_jpeg.jpg"
Citadines Apart'hotel Trafalgar,"18-21, Northumberland Avenue, London, WC2N 5EA",,0845 4566399 ,https://www.yell.com/searchfe/yframe/yelldotcom/default/_yframe/min/images/yell-dummy.png
The Grand at Trafalgar Square,"8 Northumberland Avenue, London, WC2N 5BY",,0845 0805104 ,https://www.yell.com/searchfe/yframe/yelldotcom/default/_yframe/min/images/yell-dummy.png
"The Corinthia Hotel Ltd,","10 Northumberland Avenue, London, WC2N 5AE",corinthia.com,0843 8161328 ,https://www.yell.com/searchfe/yframe/yelldotcom/default/_yframe/min/images/yell-dummy.png
Club Quarters,"8 Northumberland Avenue, London, WC2N 5BY",clubquarters.com,020 7451 5600 ,https://www.yell.com/searchfe/yframe/yelldotcom/default/_yframe/min/images/yell-dummy.png
The Nadler,"51 Bedford Street, London, WC2R 0PZ",nadlerhotels.com,020 3146 1790 ,"https://c.yell.com/t_bigSquare,f_auto/67987973-f6ec-4b5b-b92d-71a1216ea530_image_jpeg.jpg"
Haymarket Hotel,"1 Suffolk Place, London, SW1Y 4HX",firmdale.com,020 7470 4000 ,"https://c.yell.com/t_bigSquare,f_auto/20dce6a7-c9aa-4d11-85bd-16925b6bf47d_image_jpeg.jpg"
The Londoner Hotel,"38 Leicester Square, West End, London, WC2H 7DX",thelondoner.com?utm_source=Yext&utm_medium=Organic&utm_campaign=Londoner,020 7451 0102 ,"https://c.yell.com/t_bigRect,f_auto/3eff60e3-33f4-4eb1-bbd5-f4b08361f532_image_jpeg.jpg"
Assembly London,"33 Charing Cross Road, London, WC2H 0AW",,020 3953 4300 ,https://www.yell.com/searchfe/yframe/yelldotcom/default/_yframe/min/images/yell-dummy.png
The Grand at Trafalgar Square,"8 Trafalgar Square, London, WC2N 5BY",clubquartershotels.com,020 7451 5555 ,"https://c.yell.com/t_bigSquare,f_auto/713ba855-2bf8-4948-8108-7ff8b48e81ef_image_jpeg.jpg"
The Nadler,"51 Bedford Street, Charing Cross, LONDON, WC2R 0PZ",nadlerhotels.com,020 3146 1790 ,https://www.yell.com/searchfe/yframe/yelldotcom/default/_yframe/min/images/yell-dummy.png
The Resident,"51 Bedford St, London, WC2R 0PZ",residenthotels.com,020 3146 1790 ,https://www.yell.com/searchfe/yframe/yelldotcom/default/_yframe/min/images/yell-dummy.png
Z Hotels,"31-33 Bedford St, London, WC2E 9ED",,020 3837 6303 ,https://www.yell.com/searchfe/yframe/yelldotcom/default/_yframe/min/images/yell-dummy.png
Raffles,"57 Whitehall, London, SW1A 2BX",all.accor.com,0871 663 0624 ,https://www.yell.com/searchfe/yframe/yelldotcom/default/_yframe/min/images/yell-dummy.png
Assembly Hotel,"27-31 Charing Cross Rd, London, WC2H 0LS",assemblyhotel.com,020 3953 4251 ,https://www.yell.com/searchfe/yframe/yelldotcom/default/_yframe/min/images/yell-dummy.png
Victory House Hotel,"14 Leicester Place, London, WC2H 7BZ",victoryhouselondon.com,020 3909 4100 ,"https://c.yell.com/t_bigSquare,f_auto/cf73df89-531c-4056-b6df-fcac8bc5b831_image_jpeg.jpg"
Hotel Indigo,"1 Leicester Square, Westminster, London, WC2H 7NA",ihg.com,020 3953 4200 ,"https://c.yell.com/t_bigRect,f_auto/9f0571dd-473b-4b90-974a-3d56a26203d2_image_png.png"
Z Hotels,"Grove House, 2, Orange St, London, WC2H 7DF",thezhotels.com,020 3551 3720 ,"https://c.yell.com/t_bigSquare,f_auto/1c48f825-3fa0-40c3-a4db-07e3bdbc1c07_image_jpeg.jpg"
The Royal Horse Guard Hotel,"2 Whitehall Place, Westminster, London, W1A 2HD",theroyalhorseguards.com,020 7839 3344 ,https://www.yell.com/searchfe/yframe/yelldotcom/default/_yframe/min/images/yell-dummy.png
